{"initial_reset_timestamp": 1540244077.001476, "timestamps": [1540244092.7643778, 1540244100.9298446, 1540244113.4385602, 1540244127.0703402, 1540244141.8341844, 1540244148.0665407, 1540244162.2603528, 1540244178.4392781, 1540244184.8056421, 1540244199.7054946, 1540244210.6451201, 1540244225.5029702, 1540244235.102519, 1540244250.0963767, 1540244255.666695, 1540244263.1931257, 1540244275.1938121], "episode_lengths": [8, 6, 9, 10, 11, 5, 10, 12, 5, 11, 8, 13, 8, 11, 4, 6, 10], "episode_rewards": [0.0, 0.0, 0.0, 0.0, 0.0, 0.0, 0.0, 0.0, 0.0, 0.0, 0.0, 0.0, 0.0, 0.0, 0.0, 0.0, 0.0], "episode_types": ["t", "t", "t", "t", "t", "t", "t", "t", "t", "t", "t", "t", "t", "t", "t", "t", "t", "t"]}