{"initial_reset_timestamp": 1539652118.2894185, "timestamps": [1539652133.1472685, 1539652153.2674193, 1539652165.5061195, 1539652177.7508197, 1539652189.8345108, 1539652204.3983436, 1539652220.6302722, 1539652233.7670236, 1539652243.6195872, 1539652254.003181, 1539652262.6956782, 1539652272.7752547, 1539652282.5818155, 1539652294.1374767, 1539652301.5799022, 1539652323.2291405, 1539652338.218998, 1539652356.926068, 1539652371.2758887, 1539652378.8833237, 1539652402.7426884, 1539652412.5062468, 1539652421.3507528, 1539652433.9634743, 1539652457.8448403, 1539652489.5536537, 1539652500.430276, 1539652512.687977, 1539652533.8051848, 1539652547.5059683, 1539652555.8764472, 1539652567.1270907, 1539652580.5518584, 1539652592.9665687, 1539652610.877593, 1539652623.5423174, 1539652630.1756968, 1539652640.564291, 1539652653.3940248, 1539652660.967458, 1539652675.86331, 1539652687.2029586, 1539652696.3934844, 1539652702.665843, 1539652719.0167782, 1539652734.3526554, 1539652748.8444843, 1539652765.3224268, 1539652778.0161529, 1539652790.1288455, 1539652798.4523218, 1539652808.7849126, 1539652818.6774783, 1539652835.65845, 1539652854.7405412, 1539652866.0071857, 1539652874.9566977, 1539652890.719599, 1539652903.8073478, 1539652914.6229663, 1539652925.9406137, 1539652936.0491917, 1539652948.5089045, 1539652964.983847, 1539652974.550394, 1539652987.806152, 1539652998.9507897, 1539653006.6262286, 1539653022.5621402, 1539653044.5984006, 1539653065.606602, 1539653075.7031796, 1539653097.984454, 1539653114.1833804, 1539653124.2089539, 1539653134.3455336, 1539653148.9893713, 1539653159.439969, 1539653169.4355407, 1539653179.2891045, 1539653197.0671213, 1539653205.7096157, 1539653218.3523388, 1539653225.3137367, 1539653244.742848, 1539653266.2500782, 1539653283.557068, 1539653301.5310962, 1539653313.117759, 1539653324.1593904, 1539653334.2549677, 1539653354.0210986, 1539653364.0306711, 1539653376.4753828, 1539653396.5595315, 1539653411.887408, 1539653419.6418517, 1539653429.5814202, 1539653446.8904102, 1539653464.825436, 1539653478.654227, 1539653497.5083053, 1539653505.1967452, 1539653519.1175413, 1539653535.3124678, 1539653553.2234921, 1539653564.9941654, 1539653575.179748, 1539653595.2318947, 1539653614.7560115, 1539653625.2846138, 1539653633.7831, 1539653647.5948899, 1539653654.6642942, 1539653661.111663, 1539653677.6506088, 1539653689.5292885, 1539653714.7307298, 1539653731.5946944, 1539653741.1242397, 1539653760.5743518, 1539653773.338082, 1539653795.3593416, 1539653804.6748743, 1539653819.80774, 1539653836.24868, 1539653857.7909126, 1539653872.695765, 1539653886.3735473, 1539653901.4264083, 1539653923.7226834, 1539653934.1212783, 1539653948.6671102, 1539653963.5039587, 1539653975.0916216, 1539653994.801749, 1539654008.3625247, 1539654021.5722804, 1539654032.0488794, 1539654042.6694868, 1539654067.5569103, 1539654075.3233547, 1539654084.7318928, 1539654096.205549, 1539654109.147289, 1539654124.4351637, 1539654132.8616455, 1539654145.8133864, 1539654157.9690816, 1539654168.7006953, 1539654178.356248, 1539654184.6126058, 1539654197.9183667, 1539654207.9509404, 1539654224.459885, 1539654237.3376212, 1539654248.574264, 1539654261.2049863, 1539654277.2949066, 1539654287.3124797, 1539654303.4414022, 1539654313.0629525, 1539654325.1676447, 1539654336.9343178, 1539654345.4708061, 1539654353.6922765, 1539654366.1769905, 1539654378.5046957, 1539654394.3956044, 1539654411.6085892, 1539654418.6439912, 1539654434.4658961, 1539654450.5188146, 1539654462.5675037, 1539654469.9119236, 1539654479.3514638, 1539654485.525817, 1539654500.0016448, 1539654523.435985, 1539654540.8879833, 1539654555.7498336, 1539654572.1657722, 1539654586.690603, 1539654596.132143, 1539654614.715206, 1539654623.5097091, 1539654641.6117444, 1539654660.191807, 1539654670.681407, 1539654686.709324, 1539654711.1987245, 1539654723.5094287, 1539654732.2609293, 1539654745.859707, 1539654761.9016247, 1539654770.656125, 1539654781.735759, 1539654800.4038267, 1539654810.9874322, 1539654818.3908558], "episode_lengths": [7, 15, 9, 9, 8, 10, 12, 8, 6, 7, 6, 7, 6, 8, 4, 15, 11, 12, 9, 5, 16, 6, 6, 9, 16, 22, 7, 8, 15, 10, 5, 7, 9, 8, 13, 9, 4, 7, 8, 5, 11, 8, 6, 4, 12, 10, 10, 11, 8, 8, 5, 7, 6, 11, 13, 8, 6, 10, 9, 7, 8, 6, 8, 12, 6, 9, 8, 5, 11, 16, 15, 7, 15, 12, 7, 7, 9, 7, 7, 7, 13, 6, 9, 4, 14, 16, 13, 12, 8, 8, 7, 14, 6, 9, 13, 10, 5, 6, 11, 12, 10, 14, 5, 10, 12, 13, 7, 7, 14, 13, 7, 5, 9, 4, 4, 12, 8, 18, 12, 6, 13, 9, 15, 6, 10, 12, 15, 10, 10, 11, 16, 7, 10, 11, 7, 15, 10, 10, 7, 7, 17, 5, 6, 8, 9, 11, 5, 9, 9, 8, 6, 4, 10, 7, 11, 8, 8, 8, 11, 7, 11, 7, 9, 8, 6, 5, 9, 8, 11, 13, 5, 12, 11, 9, 5, 6, 4, 10, 18, 13, 10, 12, 11, 6, 13, 6, 13, 14, 7, 12, 19, 9, 6, 10, 12, 6, 8, 13, 7, 5],